{"stats":{"minecraft:used":{"minecraft:stone_pickaxe":45,"minecraft:oak_planks":47,"minecraft:chest":4,"minecraft:wooden_pickaxe":24,"minecraft:iron_sword":21,"minecraft:rotten_flesh":3,"minecraft:dirt":7,"minecraft:crafting_table":2,"minecraft:note_block":10,"minecraft:piston":2,"minecraft:lever":7,"minecraft:diamond_pickaxe":8,"minecraft:apple":4,"minecraft:bread":1,"minecraft:oak_pressure_plate":1,"minecraft:stone_axe":103,"minecraft:potion":1,"minecraft:cobblestone":13,"minecraft:written_book":3,"minecraft:coarse_dirt":2},"minecraft:picked_up":{"minecraft:coarse_dirt":2,"minecraft:crafting_table":6,"minecraft:wooden_pickaxe":3,"minecraft:oak_log":63,"minecraft:lily_pad":1,"minecraft:string":30,"minecraft:dirt":137,"minecraft:item_frame":4,"minecraft:bone":17,"minecraft:sea_pickle":2,"minecraft:apple":11,"minecraft:stone_bricks":18,"minecraft:cracked_stone_bricks":18,"minecraft:wheat_seeds":40,"minecraft:stone_pickaxe":3,"minecraft:iron_ingot":18,"minecraft:written_book":18,"minecraft:glass_bottle":4,"minecraft:chest":16,"minecraft:oak_planks":91,"minecraft:iron_sword":3,"minecraft:piston":4,"minecraft:iron_boots":4,"minecraft:stick":43,"minecraft:pumpkin":8,"minecraft:torch":12,"minecraft:oak_pressure_plate":4,"minecraft:note_block":85,"minecraft:stone_button":1,"minecraft:prismarine_crystals":12,"minecraft:stone_sword":1,"minecraft:arrow":4,"minecraft:rotten_flesh":4,"minecraft:diamond":14,"minecraft:stone_axe":4,"minecraft:lever":14,"minecraft:bread":9043,"minecraft:emerald":25,"minecraft:oak_sapling":6,"minecraft:obsidian":8,"minecraft:iron_bars":12,"minecraft:cobblestone":120,"minecraft:diamond_pickaxe":1},"minecraft:killed":{"minecraft:zombie":2},"minecraft:custom":{"minecraft:mob_kills":3,"minecraft:interact_with_crafting_table":5,"minecraft:tune_noteblock":193,"minecraft:open_barrel":4,"minecraft:play_one_minute":78603,"minecraft:leave_game":5,"minecraft:time_since_death":2824,"minecraft:climb_one_cm":50522,"minecraft:time_since_rest":2887,"minecraft:sprint_one_cm":185565,"minecraft:damage_taken":2130,"minecraft:walk_one_cm":522923,"minecraft:drop":25,"minecraft:damage_dealt":697,"minecraft:play_noteblock":40,"minecraft:swim_one_cm":8161,"minecraft:talked_to_villager":2,"minecraft:fly_one_cm":100618,"minecraft:open_chest":15,"minecraft:crouch_one_cm":6287,"minecraft:deaths":7,"minecraft:sneak_time":5350,"minecraft:walk_under_water_one_cm":2316,"minecraft:jump":585,"minecraft:walk_on_water_one_cm":9721,"minecraft:fall_one_cm":19150},"minecraft:killed_by":{"minecraft:player":4},"minecraft:dropped":{"minecraft:bread":1536,"minecraft:wheat_seeds":10},"minecraft:crafted":{"minecraft:oak_planks":24,"minecraft:crafting_table":1,"minecraft:wooden_pickaxe":1,"minecraft:oak_pressure_plate":1,"minecraft:iron_sword":1,"minecraft:stone_axe":1,"minecraft:diamond_pickaxe":1,"minecraft:stick":4,"minecraft:stone_pickaxe":1},"minecraft:mined":{"minecraft:sea_lantern":1,"minecraft:crafting_table":2,"minecraft:obsidian":4,"minecraft:lever":9,"minecraft:note_block":26,"minecraft:stone_button":2,"minecraft:grass_block":7,"minecraft:chest":4,"minecraft:dead_bush":10,"minecraft:oak_pressure_plate":1,"minecraft:tall_grass":16,"minecraft:cobblestone":2,"minecraft:lily_pad":1,"minecraft:oak_planks":21,"minecraft:large_fern":10,"minecraft:coarse_dirt":2,"minecraft:sea_pickle":2,"minecraft:grass":33,"minecraft:oak_log":54,"minecraft:iron_bars":4,"minecraft:dirt":24,"minecraft:cobweb":12,"minecraft:cracked_stone_bricks":6,"minecraft:stone_bricks":6,"minecraft:stone":39,"minecraft:piston":2,"minecraft:oak_leaves":42,"minecraft:fern":5,"minecraft:redstone_lamp":2}},"DataVersion":2586}