{"stats":{"minecraft:used":{"minecraft:melon":9,"minecraft:poppy":1,"minecraft:smooth_quartz_slab":2,"minecraft:spruce_slab":20,"minecraft:dispenser":7,"minecraft:polished_blackstone":156,"minecraft:dead_brain_coral":2,"minecraft:ladder":117,"minecraft:oak_sign":101,"minecraft:polished_basalt":19,"minecraft:chest":97,"minecraft:white_terracotta":1,"minecraft:stone":3042,"minecraft:zombie_spawn_egg":14,"minecraft:creeper_head":1,"minecraft:grass":38,"minecraft:quartz_stairs":15,"minecraft:mossy_stone_brick_slab":15,"minecraft:green_terracotta":35,"minecraft:debug_stick":71,"minecraft:soul_sand":1,"minecraft:blue_stained_glass":28,"minecraft:nether_bricks":19,"minecraft:prismarine_brick_stairs":937,"minecraft:furnace_minecart":2,"minecraft:cyan_wool":218,"minecraft:obsidian":1906,"minecraft:milk_bucket":21,"minecraft:honey_bottle":2,"minecraft:glass":19,"minecraft:cyan_terracotta":9,"minecraft:coal_ore":4,"minecraft:quartz_pillar":8,"minecraft:red_wool":2243,"minecraft:black_stained_glass_pane":23,"minecraft:lantern":44,"minecraft:grass_block":546,"minecraft:birch_sapling":2,"minecraft:polished_andesite_stairs":50,"minecraft:warped_nylium":4,"minecraft:dark_oak_leaves":159,"minecraft:dark_oak_slab":35,"minecraft:dark_oak_button":4,"minecraft:stone_brick_stairs":52,"minecraft:stone_bricks":1646,"minecraft:item_frame":5,"minecraft:bedrock":11607,"minecraft:repeater":878,"minecraft:red_carpet":1,"minecraft:redstone_lamp":228,"minecraft:magma_block":12,"minecraft:hay_block":30,"minecraft:written_book":49,"minecraft:scaffolding":4,"minecraft:oak_sapling":40,"minecraft:furnace":2,"minecraft:gold_block":110,"minecraft:skeleton_skull":22,"minecraft:egg":1,"minecraft:seagrass":32,"minecraft:dark_prismarine_stairs":46,"minecraft:large_fern":44,"minecraft:dark_oak_stairs":7,"minecraft:mossy_stone_bricks":98,"minecraft:diorite":39,"minecraft:end_rod":18,"minecraft:end_stone_bricks":2413,"minecraft:spruce_door":5,"minecraft:dropper":2,"minecraft:birch_leaves":28,"minecraft:powered_rail":108,"minecraft:dark_oak_sign":1,"minecraft:oak_planks":52,"minecraft:lily_pad":2,"minecraft:blackstone":23,"minecraft:mossy_stone_brick_stairs":47,"minecraft:redstone_block":2602,"minecraft:diamond_axe":1,"minecraft:purpur_pillar":239,"minecraft:smooth_quartz_stairs":17,"minecraft:oak_leaves":422,"minecraft:white_wool":4974,"minecraft:sand":445,"minecraft:purpur_stairs":304,"minecraft:infested_chiseled_stone_bricks":1,"minecraft:light_blue_concrete":1,"minecraft:light_blue_wool":3,"minecraft:blast_furnace":41,"minecraft:acacia_leaves":1,"minecraft:chiseled_quartz_block":2,"minecraft:note_block":12,"minecraft:stone_brick_wall":107,"minecraft:gray_concrete":25,"minecraft:black_concrete_powder":4,"minecraft:end_stone":1,"minecraft:creeper_spawn_egg":10,"minecraft:redstone_torch":397,"minecraft:black_terracotta":41,"minecraft:sticky_piston":70,"minecraft:dead_fire_coral_fan":1,"minecraft:lever":17,"minecraft:green_concrete":23,"minecraft:black_concrete":284,"minecraft:birch_fence_gate":1,"minecraft:daylight_detector":2,"minecraft:dark_oak_log":119,"minecraft:light_gray_concrete":50,"minecraft:heavy_weighted_pressure_plate":174,"minecraft:string":4,"minecraft:barrier":10,"minecraft:stone_button":101,"minecraft:lectern":2,"minecraft:iron_door":33,"minecraft:prismarine_wall":110,"minecraft:gravel":311,"minecraft:polished_andesite_slab":51,"minecraft:stripped_warped_hyphae":7,"minecraft:dead_horn_coral":2,"minecraft:nether_wart_block":2,"minecraft:diamond_sword":155,"minecraft:stripped_oak_wood":5,"minecraft:grindstone":2,"minecraft:bubble_coral_block":3,"minecraft:white_stained_glass":3,"minecraft:andesite":30,"minecraft:birch_log":1,"minecraft:smooth_stone_slab":644,"minecraft:oak_boat":1,"minecraft:compass":16,"minecraft:white_concrete":2113,"minecraft:coarse_dirt":134,"minecraft:chorus_plant":20,"minecraft:bone_meal":433,"minecraft:gray_stained_glass":2,"minecraft:cobweb":8,"minecraft:oak_fence":31,"minecraft:oak_trapdoor":10,"minecraft:purpur_block":1015,"minecraft:petrified_oak_slab":1,"minecraft:netherite_sword":63,"minecraft:iron_bars":295,"minecraft:flint_and_steel":2,"minecraft:dead_bush":140,"minecraft:carved_pumpkin":12,"minecraft:armor_stand":1,"minecraft:red_concrete":13,"minecraft:redstone":1262,"minecraft:spruce_planks":82,"minecraft:wither_skeleton_spawn_egg":4,"minecraft:structure_block":82,"minecraft:dried_kelp_block":1,"minecraft:netherrack":8,"minecraft:torch":6,"minecraft:dirt":552,"minecraft:anvil":3,"minecraft:white_carpet":36,"minecraft:chorus_flower":8,"minecraft:hopper":39,"minecraft:prismarine_bricks":1602,"minecraft:spruce_stairs":7,"minecraft:cobblestone_wall":15,"minecraft:stone_stairs":2,"minecraft:light_gray_glazed_terracotta":13,"minecraft:granite":2,"minecraft:spruce_fence":18,"minecraft:light_blue_stained_glass":10,"minecraft:nether_brick_stairs":15,"minecraft:polished_diorite":4,"minecraft:fern":5,"minecraft:shroomlight":15,"minecraft:andesite_wall":3,"minecraft:stone_brick_slab":14,"minecraft:brown_terracotta":2,"minecraft:wooden_axe":8,"minecraft:sea_lantern":103,"minecraft:light_gray_stained_glass":16,"minecraft:bookshelf":11,"minecraft:iron_block":6,"minecraft:slime_block":116,"minecraft:barrel":6,"minecraft:basalt":15,"minecraft:tripwire_hook":4,"minecraft:glowstone":89,"minecraft:lime_concrete":32,"minecraft:gray_glazed_terracotta":28,"minecraft:tall_grass":42,"minecraft:emerald_block":23,"minecraft:iron_trapdoor":68,"minecraft:soul_soil":4,"minecraft:podzol":14,"minecraft:minecart":58,"minecraft:cyan_concrete_powder":1,"minecraft:trapped_chest":3,"minecraft:horn_coral_block":2,"minecraft:observer":30,"minecraft:mossy_stone_brick_wall":15,"minecraft:horn_coral_fan":1,"minecraft:command_block_minecart":2,"minecraft:brown_bed":1,"minecraft:brain_coral_block":272,"minecraft:water_bucket":1670,"minecraft:warped_stem":3,"minecraft:cobblestone_stairs":245,"minecraft:tube_coral_block":5,"minecraft:lodestone":1,"minecraft:snow_block":12,"minecraft:polished_andesite":5259,"minecraft:lime_wool":660,"minecraft:cartography_table":1,"minecraft:cauldron":2,"minecraft:magenta_stained_glass":28,"minecraft:stonecutter":10,"minecraft:cobblestone_slab":18,"minecraft:cracked_stone_bricks":18,"minecraft:polished_blackstone_bricks":50,"minecraft:mossy_cobblestone":2,"minecraft:comparator":93,"minecraft:lime_terracotta":39,"minecraft:rail":293,"minecraft:vine":280,"minecraft:oak_slab":27,"minecraft:tnt":37,"minecraft:crafting_table":9,"minecraft:painting":16,"minecraft:smoker":3,"minecraft:oak_log":56,"minecraft:piston":81,"minecraft:dark_prismarine":492,"minecraft:flower_pot":5,"minecraft:diamond_pickaxe":68,"minecraft:activator_rail":6,"minecraft:black_wool":2555,"minecraft:dead_fire_coral":1,"minecraft:command_block":895,"minecraft:sunflower":2,"minecraft:oak_button":1,"minecraft:map":52,"minecraft:detector_rail":44,"minecraft:purpur_slab":101,"minecraft:spruce_trapdoor":15,"minecraft:magenta_banner":8,"minecraft:chiseled_stone_bricks":31,"minecraft:fire_coral_block":46,"minecraft:cobblestone":2204,"minecraft:potion":36,"minecraft:lapis_block":69,"minecraft:repeating_command_block":1,"minecraft:wither_rose":5,"minecraft:sea_pickle":1,"minecraft:kelp":2134,"minecraft:smooth_stone":4512,"minecraft:jukebox":1},"minecraft:picked_up":{"minecraft:wooden_axe":4,"minecraft:redstone_block":4,"minecraft:yellow_wool":38,"minecraft:lead":1,"minecraft:enchanted_book":5,"minecraft:potion":1,"minecraft:blue_concrete":2,"minecraft:string":3,"minecraft:cooked_salmon":49,"minecraft:smooth_stone_slab":2,"minecraft:oak_sign":5,"minecraft:sea_pickle":1,"minecraft:rose_bush":4,"minecraft:redstone_torch":58,"minecraft:written_book":3,"minecraft:iron_pickaxe":1,"minecraft:iron_boots":3,"minecraft:tipped_arrow":2,"minecraft:stick":3,"minecraft:brown_terracotta":1,"minecraft:torch":33,"minecraft:rotten_flesh":20,"minecraft:command_block":5,"minecraft:light_blue_wool":38,"minecraft:green_wool":38,"minecraft:blaze_rod":1,"minecraft:cod":1,"minecraft:cobblestone":64,"minecraft:leather_chestplate":2,"minecraft:repeater":63,"minecraft:iron_door":3,"minecraft:water_bucket":1,"minecraft:brown_wool":38,"minecraft:chiseled_quartz_block":1,"minecraft:lantern":1,"minecraft:bone":57,"minecraft:bow":3,"minecraft:wheat_seeds":73,"minecraft:mossy_stone_bricks":1,"minecraft:prismarine":18,"minecraft:lime_terracotta":9,"minecraft:sand":21,"minecraft:ink_sac":1,"minecraft:grass_block":1,"minecraft:orange_wool":38,"minecraft:diamond":62,"minecraft:emerald":324,"minecraft:oak_sapling":3,"minecraft:chorus_fruit":8,"minecraft:ladder":20,"minecraft:redstone_lamp":2,"minecraft:structure_block":1,"minecraft:cornflower":2,"minecraft:compass":17,"minecraft:white_carpet":1,"minecraft:netherite_sword":1,"minecraft:player_head":2,"minecraft:cyan_wool":38,"minecraft:poppy":10,"minecraft:light_gray_wool":1,"minecraft:egg":1,"minecraft:lime_wool":2,"minecraft:stone":1,"minecraft:polished_blackstone_bricks":2,"minecraft:stone_button":5,"minecraft:trident":1,"minecraft:redstone":176,"minecraft:arrow":39,"minecraft:cooked_cod":1,"minecraft:peony":2,"minecraft:totem_of_undying":1,"minecraft:white_wool":38,"minecraft:salmon":2,"minecraft:leather":3,"minecraft:filled_map":9,"minecraft:bedrock":5,"minecraft:nether_wart_block":2,"minecraft:gunpowder":1,"minecraft:stone_bricks":1602,"minecraft:apple":32,"minecraft:kelp":1,"minecraft:iron_ingot":1,"minecraft:polished_andesite_slab":2,"minecraft:iron_sword":3,"minecraft:milk_bucket":2,"minecraft:warped_fungus":1,"minecraft:dandelion":3,"minecraft:gravel":39,"minecraft:spider_eye":1,"minecraft:spruce_door":1,"minecraft:warped_roots":6,"minecraft:black_wool":1,"minecraft:coal":36},"minecraft:killed":{"minecraft:spider":1,"minecraft:cod":1,"minecraft:skeleton":30,"minecraft:creeper":2,"minecraft:trader_llama":2,"minecraft:zombie":19,"minecraft:blaze":3,"minecraft:evoker":1,"minecraft:phantom":1,"minecraft:bat":1,"minecraft:wandering_trader":1,"minecraft:wither_skeleton":4,"minecraft:villager":15},"minecraft:dropped":{"minecraft:oak_log":1,"minecraft:crafting_table":2,"minecraft:crossbow":1,"minecraft:bedrock":1,"minecraft:emerald":9,"minecraft:sand":1,"minecraft:gravel":1,"minecraft:note_block":1,"minecraft:compass":1,"minecraft:polished_andesite_slab":2,"minecraft:diamond_shovel":1,"minecraft:hopper":1,"minecraft:leather_boots":1,"minecraft:egg":1,"minecraft:iron_ingot":1,"minecraft:vine":1,"minecraft:oak_fence":1,"minecraft:grass_block":1,"minecraft:stick":1,"minecraft:repeater":1,"minecraft:wooden_axe":3,"minecraft:redstone_block":1,"minecraft:redstone":5,"minecraft:oak_trapdoor":1,"minecraft:iron_boots":3,"minecraft:comparator":1,"minecraft:filled_map":584,"minecraft:shroomlight":1,"minecraft:stone":1,"minecraft:stone_bricks":511,"minecraft:spider_eye":1},"minecraft:custom":{"minecraft:interact_with_crafting_table":2,"minecraft:open_barrel":32,"minecraft:leave_game":518,"minecraft:time_since_death":41461,"minecraft:sprint_one_cm":4959487,"minecraft:drop":73,"minecraft:talked_to_villager":13,"minecraft:deaths":18,"minecraft:jump":12498,"minecraft:walk_on_water_one_cm":174353,"minecraft:interact_with_cartography_table":27,"minecraft:play_one_minute":8329214,"minecraft:open_enderchest":2,"minecraft:damage_dealt":14344,"minecraft:crouch_one_cm":928483,"minecraft:interact_with_smoker":3,"minecraft:inspect_dispenser":9,"minecraft:inspect_dropper":4,"minecraft:interact_with_anvil":37,"minecraft:mob_kills":92,"minecraft:inspect_hopper":120,"minecraft:climb_one_cm":30633,"minecraft:walk_one_cm":21659453,"minecraft:sneak_time":278716,"minecraft:walk_under_water_one_cm":8139921,"minecraft:boat_one_cm":1921,"minecraft:interact_with_blast_furnace":14,"minecraft:tune_noteblock":13,"minecraft:pot_flower":3,"minecraft:time_since_rest":41483,"minecraft:damage_taken":2620,"minecraft:trigger_trapped_chest":11,"minecraft:swim_one_cm":56838,"minecraft:fly_one_cm":98054835,"minecraft:open_chest":665,"minecraft:fall_one_cm":15964}},"DataVersion":2586}