{"stats":{"minecraft:used":{"minecraft:stone_sword":113,"minecraft:stone_pickaxe":50,"minecraft:oak_planks":48,"minecraft:wooden_pickaxe":4,"minecraft:iron_sword":1,"minecraft:torch":14,"minecraft:crafting_table":3,"minecraft:wooden_axe":19,"minecraft:apple":17,"minecraft:bread":4,"minecraft:string":30,"minecraft:oak_pressure_plate":1,"minecraft:stone_bricks":2,"minecraft:stone_axe":26,"minecraft:bow":1,"minecraft:written_book":1},"minecraft:picked_up":{"minecraft:wooden_axe":1,"minecraft:crafting_table":4,"minecraft:chiseled_quartz_block":8,"minecraft:wooden_pickaxe":3,"minecraft:oak_log":16,"minecraft:gunpowder":4,"minecraft:dirt":24,"minecraft:string":108,"minecraft:item_frame":4,"minecraft:bone":17,"minecraft:apple":19,"minecraft:stone_bricks":61,"minecraft:cracked_stone_bricks":56,"minecraft:bow":2,"minecraft:wheat_seeds":44,"minecraft:iron_ingot":6,"minecraft:stone_pickaxe":4,"minecraft:written_book":14,"minecraft:glass_bottle":1,"minecraft:chest":4,"minecraft:iron_sword":2,"minecraft:oak_planks":78,"minecraft:iron_boots":3,"minecraft:stick":39,"minecraft:pumpkin":16,"minecraft:torch":16,"minecraft:oak_pressure_plate":2,"minecraft:note_block":15,"minecraft:stone_button":1,"minecraft:prismarine_crystals":5,"minecraft:stone_sword":4,"minecraft:arrow":8,"minecraft:rotten_flesh":10,"minecraft:diamond":2,"minecraft:stone_axe":4,"minecraft:bread":1916,"minecraft:emerald":40,"minecraft:oak_sapling":1,"minecraft:obsidian":4,"minecraft:iron_bars":6,"minecraft:cobblestone":30,"minecraft:diamond_pickaxe":2},"minecraft:broken":{"minecraft:bow":1},"minecraft:killed":{"minecraft:creeper":2,"minecraft:skeleton":3,"minecraft:zombie":1},"minecraft:custom":{"minecraft:mob_kills":6,"minecraft:interact_with_crafting_table":4,"minecraft:tune_noteblock":31,"minecraft:open_barrel":3,"minecraft:play_one_minute":94808,"minecraft:leave_game":4,"minecraft:time_since_death":9927,"minecraft:climb_one_cm":15734,"minecraft:time_since_rest":9953,"minecraft:sprint_one_cm":294627,"minecraft:damage_taken":1155,"minecraft:walk_one_cm":417074,"minecraft:drop":75,"minecraft:damage_dealt":2073,"minecraft:swim_one_cm":16741,"minecraft:fly_one_cm":304476,"minecraft:player_kills":3,"minecraft:open_chest":17,"minecraft:crouch_one_cm":28753,"minecraft:deaths":3,"minecraft:sneak_time":7423,"minecraft:walk_under_water_one_cm":13762,"minecraft:jump":1472,"minecraft:interact_with_blast_furnace":1,"minecraft:walk_on_water_one_cm":6965,"minecraft:fall_one_cm":32072},"minecraft:killed_by":{"minecraft:player":1},"minecraft:dropped":{"minecraft:iron_ingot":6,"minecraft:note_block":15,"minecraft:iron_sword":1,"minecraft:stone_axe":1,"minecraft:wheat_seeds":10,"minecraft:oak_pressure_plate":1,"minecraft:stone_sword":2,"minecraft:glass_bottle":1,"minecraft:diamond":2,"minecraft:crafting_table":2,"minecraft:obsidian":4,"minecraft:cobblestone":22,"minecraft:prismarine_crystals":5,"minecraft:rotten_flesh":4,"minecraft:oak_planks":67,"minecraft:iron_boots":3,"minecraft:item_frame":4,"minecraft:stick":26,"minecraft:dirt":24,"minecraft:stone_button":1,"minecraft:torch":4,"minecraft:diamond_pickaxe":2,"minecraft:wooden_axe":2,"minecraft:oak_sapling":1,"minecraft:chest":4,"minecraft:iron_bars":4,"minecraft:pumpkin":8,"minecraft:stone_bricks":6,"minecraft:arrow":2,"minecraft:stone_pickaxe":1,"minecraft:wooden_pickaxe":5,"minecraft:written_book":13,"minecraft:bone":15},"minecraft:crafted":{"minecraft:oak_planks":64,"minecraft:crafting_table":3,"minecraft:wooden_pickaxe":1,"minecraft:stone_axe":1,"minecraft:stick":8,"minecraft:stone_pickaxe":1,"minecraft:stone_sword":1},"minecraft:mined":{"minecraft:sea_lantern":1,"minecraft:chiseled_quartz_block":4,"minecraft:crafting_table":1,"minecraft:torch":2,"minecraft:chest":2,"minecraft:dead_bush":3,"minecraft:oak_pressure_plate":1,"minecraft:tall_grass":33,"minecraft:oak_planks":11,"minecraft:wall_torch":3,"minecraft:large_fern":22,"minecraft:seagrass":6,"minecraft:tall_seagrass":1,"minecraft:birch_leaves":1,"minecraft:pumpkin":4,"minecraft:grass":15,"minecraft:oak_log":15,"minecraft:vine":1,"minecraft:iron_bars":2,"minecraft:cobweb":24,"minecraft:cracked_stone_bricks":12,"minecraft:stone":8,"minecraft:stone_bricks":13,"minecraft:tripwire":1,"minecraft:oak_leaves":5,"minecraft:fern":5}},"DataVersion":2586}