{"stats":{"minecraft:killed":{"minecraft:cave_spider":11,"minecraft:dolphin":2,"minecraft:shulker":4,"minecraft:pufferfish":4,"minecraft:skeleton":20,"minecraft:guardian":1,"minecraft:chicken":4,"minecraft:cat":3,"minecraft:parrot":1,"minecraft:salmon":1,"minecraft:pillager":217,"minecraft:zombie":5,"minecraft:cow":1,"minecraft:evoker":14,"minecraft:endermite":4,"minecraft:vindicator":16,"minecraft:ocelot":3,"minecraft:husk":55,"minecraft:ravager":5,"minecraft:witch":1,"minecraft:spider":21,"minecraft:bee":5,"minecraft:turtle":2,"minecraft:pig":1,"minecraft:creeper":11,"minecraft:sheep":3,"minecraft:ghast":1,"minecraft:stray":4,"minecraft:blaze":3,"minecraft:vex":11,"minecraft:phantom":3,"minecraft:drowned":13,"minecraft:bat":1,"minecraft:hoglin":2,"minecraft:wither_skeleton":28,"minecraft:villager":44},"minecraft:dropped":{"minecraft:piston":1,"minecraft:glass_bottle":1,"minecraft:diamond":64,"minecraft:crafting_table":1,"minecraft:cracked_stone_bricks":1,"minecraft:saddle":1,"minecraft:quartz_pillar":1,"minecraft:purpur_stairs":1,"minecraft:grass":1,"minecraft:large_fern":1,"minecraft:chain":1,"minecraft:sunflower":6,"minecraft:iron_pickaxe":1,"minecraft:smooth_red_sandstone_slab":1,"minecraft:bone":34,"minecraft:obsidian":1,"minecraft:golden_shovel":1,"minecraft:ladder":1,"minecraft:end_stone_bricks":1,"minecraft:lectern":1,"minecraft:iron_ingot":64,"minecraft:purpur_slab":1,"minecraft:feather":48,"minecraft:barrier":3,"minecraft:command_block":2,"minecraft:coal":64,"minecraft:golden_apple":64,"minecraft:polished_blackstone_stairs":1,"minecraft:end_rod":1,"minecraft:oak_stairs":2,"minecraft:white_banner":2,"minecraft:smooth_stone":1,"minecraft:iron_shovel":1,"minecraft:trapped_chest":2,"minecraft:stone_brick_slab":1,"minecraft:purpur_pillar":1,"minecraft:dark_oak_sign":1,"minecraft:smooth_stone_slab":1,"minecraft:diamond_hoe":1,"minecraft:stone_shovel":1,"minecraft:grass_path":1,"minecraft:magenta_concrete":1,"minecraft:end_stone_brick_wall":1,"minecraft:suspicious_stew":1,"minecraft:stone":1,"minecraft:spruce_trapdoor":1,"minecraft:diamond_pickaxe":2,"minecraft:wooden_shovel":3,"minecraft:redstone_torch":1,"minecraft:stone_bricks":1,"minecraft:spider_eye":6,"minecraft:blue_orchid":1,"minecraft:magma_block":1,"minecraft:shulker_spawn_egg":1,"minecraft:soul_sand":1,"minecraft:golden_pickaxe":1,"minecraft:loom":1,"minecraft:leather":2,"minecraft:red_wool":4,"minecraft:bedrock":3,"minecraft:cobblestone_stairs":2,"minecraft:redstone_lamp":1,"minecraft:ice":1,"minecraft:snowball":4,"minecraft:black_concrete":2,"minecraft:gravel":2,"minecraft:purpur_block":1,"minecraft:smooth_sandstone_stairs":1,"minecraft:lime_wool":2,"minecraft:diamond_shovel":1,"minecraft:chiseled_stone_bricks":1,"minecraft:gunpowder":10,"minecraft:chest":1,"minecraft:iron_bars":24,"minecraft:quartz":45,"minecraft:written_book":7,"minecraft:oak_leaves":1,"minecraft:enchanting_table":1,"minecraft:bread":29,"minecraft:oak_slab":1,"minecraft:vine":1,"minecraft:bookshelf":1,"minecraft:golden_axe":2,"minecraft:jungle_wood":1,"minecraft:grass_block":1,"minecraft:stick":64,"minecraft:milk_bucket":1,"minecraft:torch":47,"minecraft:repeater":1,"minecraft:map":1,"minecraft:polished_andesite_stairs":1,"minecraft:blue_glazed_terracotta":1,"minecraft:redstone_block":2,"minecraft:dragon_head":1,"minecraft:tall_grass":1,"minecraft:iron_hoe":1,"minecraft:filled_map":2,"minecraft:end_stone_brick_stairs":1,"minecraft:quartz_stairs":1,"minecraft:stone_pickaxe":1,"minecraft:wooden_pickaxe":1},"minecraft:killed_by":{"minecraft:blaze":1},"minecraft:used":{"minecraft:peony":22,"minecraft:nether_brick_fence":796,"minecraft:writable_book":3,"minecraft:jack_o_lantern":96,"minecraft:polished_granite_stairs":5,"minecraft:poppy":1,"minecraft:cut_red_sandstone_slab":6,"minecraft:spruce_slab":5729,"minecraft:smooth_quartz_slab":26,"minecraft:dead_horn_coral_block":548,"minecraft:red_sandstone_slab":13,"minecraft:dispenser":22,"minecraft:polished_blackstone":2391,"minecraft:ladder":959,"minecraft:green_banner":64,"minecraft:chest":279,"minecraft:stone":16191,"minecraft:brown_concrete":1,"minecraft:red_nether_brick_stairs":27,"minecraft:quartz_stairs":691,"minecraft:farmland":2,"minecraft:rotten_flesh":13,"minecraft:chiseled_red_sandstone":54,"minecraft:soul_sand":207,"minecraft:lily_of_the_valley":37,"minecraft:blue_stained_glass":9,"minecraft:jungle_slab":665,"minecraft:allium":26,"minecraft:orange_wool":24,"minecraft:snowball":137,"minecraft:azure_bluet":2,"minecraft:weeping_vines":369,"minecraft:stripped_spruce_log":14,"minecraft:jungle_sapling":4,"minecraft:polished_blackstone_slab":80,"minecraft:packed_ice":315,"minecraft:honey_block":69,"minecraft:lava_bucket":1270,"minecraft:quartz_pillar":500,"minecraft:villager_spawn_egg":3,"minecraft:red_wool":19682,"minecraft:black_stained_glass_pane":6,"minecraft:grass_block":1447,"minecraft:birch_sapling":4,"minecraft:music_disc_ward":2,"minecraft:polished_andesite_stairs":1482,"minecraft:quartz_block":301,"minecraft:wet_sponge":1,"minecraft:music_disc_chirp":2,"minecraft:dark_oak_leaves":25,"minecraft:dark_oak_slab":205,"minecraft:music_disc_wait":3,"minecraft:dark_oak_button":10,"minecraft:diorite_wall":125,"minecraft:pink_wool":1,"minecraft:stone_brick_stairs":6715,"minecraft:music_disc_stal":2,"minecraft:snow":20,"minecraft:bow":11,"minecraft:guardian_spawn_egg":1,"minecraft:sweet_berries":2,"minecraft:yellow_glazed_terracotta":51,"minecraft:oak_sapling":344,"minecraft:furnace":104,"minecraft:end_stone_brick_stairs":9,"minecraft:potato":98,"minecraft:dragon_head":1,"minecraft:seagrass":4,"minecraft:dead_brain_coral_fan":1,"minecraft:dark_prismarine_stairs":49,"minecraft:lime_glazed_terracotta":6,"minecraft:spider_spawn_egg":15,"minecraft:light_blue_carpet":54,"minecraft:emerald_ore":39,"minecraft:mossy_stone_bricks":1194,"minecraft:diorite":3629,"minecraft:damaged_anvil":9,"minecraft:end_stone_bricks":75,"minecraft:spruce_door":20,"minecraft:brick_wall":40,"minecraft:stripped_birch_log":119,"minecraft:red_stained_glass":4,"minecraft:acacia_trapdoor":37,"minecraft:prismarine":128,"minecraft:lily_pad":174,"minecraft:blackstone":62,"minecraft:cactus":36,"minecraft:mossy_stone_brick_stairs":729,"minecraft:black_glazed_terracotta":86,"minecraft:jungle_pressure_plate":1,"minecraft:composter":1,"minecraft:clay":23,"minecraft:purpur_pillar":357,"minecraft:oak_leaves":7513,"minecraft:smooth_quartz_stairs":53,"minecraft:golden_apple":62,"minecraft:respawn_anchor":2,"minecraft:dark_oak_trapdoor":3,"minecraft:purpur_stairs":513,"minecraft:sand":3341,"minecraft:cut_sandstone_slab":1069,"minecraft:blast_furnace":246,"minecraft:smooth_red_sandstone":16,"minecraft:blue_ice":241,"minecraft:acacia_leaves":4,"minecraft:purple_terracotta":6,"minecraft:chiseled_quartz_block":674,"minecraft:gray_concrete":51,"minecraft:black_concrete_powder":20,"minecraft:red_sandstone_wall":81,"minecraft:crimson_fence_gate":2,"minecraft:red_sandstone":299,"minecraft:chiseled_sandstone":315,"minecraft:stone_button":144,"minecraft:lectern":16,"minecraft:white_glazed_terracotta":24,"minecraft:red_terracotta":588,"minecraft:polished_granite":108,"minecraft:diamond_ore":47,"minecraft:cut_red_sandstone":459,"minecraft:cat_spawn_egg":1,"minecraft:lilac":37,"minecraft:polished_andesite_slab":847,"minecraft:soul_lantern":99,"minecraft:nether_wart_block":2372,"minecraft:diamond_sword":1074,"minecraft:coal_block":291,"minecraft:smithing_table":197,"minecraft:dark_oak_fence":1396,"minecraft:bubble_coral_block":945,"minecraft:white_stained_glass":26,"minecraft:green_concrete_powder":10,"minecraft:birch_log":6,"minecraft:pink_stained_glass":6,"minecraft:ice":223,"minecraft:oak_boat":1,"minecraft:purple_wool":5,"minecraft:gray_stained_glass":45,"minecraft:oak_trapdoor":104,"minecraft:stripped_acacia_wood":16,"minecraft:polished_blackstone_brick_slab":436,"minecraft:iron_bars":7866,"minecraft:enchanting_table":11,"minecraft:dead_tube_coral_block":3,"minecraft:orange_concrete":17,"minecraft:dead_bush":9,"minecraft:carved_pumpkin":49,"minecraft:red_concrete":5757,"minecraft:mycelium":43,"minecraft:stripped_warped_stem":634,"minecraft:wither_skeleton_spawn_egg":3,"minecraft:polished_blackstone_wall":986,"minecraft:sandstone_wall":584,"minecraft:structure_block":19,"minecraft:netherrack":1248,"minecraft:green_glazed_terracotta":65,"minecraft:orange_stained_glass":5,"minecraft:torch":141,"minecraft:brewing_stand":18,"minecraft:anvil":22,"minecraft:warped_wart_block":1808,"minecraft:target":2,"minecraft:twisting_vines":756,"minecraft:dead_tube_coral":1,"minecraft:nether_brick_slab":7,"minecraft:light_gray_glazed_terracotta":27,"minecraft:jungle_trapdoor":101,"minecraft:dead_brain_coral_block":33,"minecraft:blue_concrete":1258,"minecraft:oak_fence_gate":13,"minecraft:nether_brick_stairs":564,"minecraft:fern":171,"minecraft:polished_diorite":328,"minecraft:shroomlight":6,"minecraft:mossy_cobblestone_stairs":268,"minecraft:music_disc_mellohi":1,"minecraft:sea_lantern":714,"minecraft:chipped_anvil":7,"minecraft:iron_block":69,"minecraft:light_weighted_pressure_plate":7,"minecraft:spruce_button":50,"minecraft:slime_block":413,"minecraft:brick_stairs":91,"minecraft:warped_fence":197,"minecraft:jungle_log":376,"minecraft:smooth_quartz":35,"minecraft:barrel":303,"minecraft:bamboo":82,"minecraft:basalt":20,"minecraft:tripwire_hook":2,"minecraft:purple_concrete":2209,"minecraft:glowstone":203,"minecraft:lime_concrete":845,"minecraft:warped_stairs":240,"minecraft:tall_grass":198,"minecraft:magenta_wool":1,"minecraft:gray_glazed_terracotta":1,"minecraft:iron_trapdoor":109,"minecraft:podzol":184,"minecraft:acacia_wood":8,"minecraft:trapped_chest":6,"minecraft:acacia_planks":68,"minecraft:observer":248,"minecraft:orange_terracotta":347,"minecraft:dead_bubble_coral_fan":7,"minecraft:horn_coral_fan":12,"minecraft:crimson_stem":6,"minecraft:wheat_seeds":1,"minecraft:water_bucket":4265,"minecraft:warped_stem":31,"minecraft:nether_brick_wall":621,"minecraft:tube_coral_block":880,"minecraft:light_blue_glazed_terracotta":99,"minecraft:sandstone_stairs":1663,"minecraft:birch_planks":92,"minecraft:lime_wool":10063,"minecraft:cartography_table":1,"minecraft:smooth_sandstone_slab":409,"minecraft:red_mushroom_block":89,"minecraft:cauldron":95,"minecraft:fletching_table":31,"minecraft:cracked_stone_bricks":2558,"minecraft:polished_blackstone_bricks":7618,"minecraft:gilded_blackstone":1,"minecraft:pink_concrete":5,"minecraft:diamond_block":39,"minecraft:orange_carpet":47,"minecraft:mossy_cobblestone":775,"minecraft:lime_terracotta":344,"minecraft:rail":42,"minecraft:comparator":83,"minecraft:vine":9993,"minecraft:crafting_table":92,"minecraft:oak_slab":1470,"minecraft:tnt":44,"minecraft:cyan_glazed_terracotta":4,"minecraft:red_bed":8,"minecraft:phantom_spawn_egg":1,"minecraft:campfire":116,"minecraft:dark_oak_fence_gate":1,"minecraft:spruce_log":5884,"minecraft:music_disc_strad":2,"minecraft:mushroom_stem":31,"minecraft:oak_log":280,"minecraft:dark_prismarine":155,"minecraft:cornflower":22,"minecraft:oxeye_daisy":6,"minecraft:acacia_sign":3,"minecraft:oak_button":3,"minecraft:pig_spawn_egg":5,"minecraft:suspicious_stew":1,"minecraft:cyan_concrete":134,"minecraft:purpur_slab":148,"minecraft:spruce_trapdoor":168,"minecraft:spruce_sapling":145,"minecraft:crimson_nylium":163,"minecraft:chiseled_stone_bricks":1355,"minecraft:cobblestone":6505,"minecraft:potion":19,"minecraft:crimson_stairs":4,"minecraft:sandstone_slab":38,"minecraft:glass_pane":2,"minecraft:repeating_command_block":85,"minecraft:stripped_oak_log":16,"minecraft:kelp":1546,"minecraft:brown_mushroom_block":32,"minecraft:jukebox":7,"minecraft:green_stained_glass":17,"minecraft:blue_terracotta":244,"minecraft:red_sand":3,"minecraft:melon":71,"minecraft:dead_tube_coral_fan":2,"minecraft:oak_sign":58,"minecraft:bone_block":363,"minecraft:diamond_hoe":4,"minecraft:polished_basalt":14,"minecraft:white_concrete_powder":1,"minecraft:iron_sword":18,"minecraft:nether_wart":30,"minecraft:creeper_head":35,"minecraft:bell":39,"minecraft:grass":306,"minecraft:mossy_stone_brick_slab":25,"minecraft:smooth_sandstone_stairs":196,"minecraft:stripped_crimson_stem":116,"minecraft:green_terracotta":996,"minecraft:spruce_leaves":645,"minecraft:soul_campfire":2,"minecraft:orange_glazed_terracotta":90,"minecraft:jungle_planks":332,"minecraft:nether_bricks":5444,"minecraft:prismarine_brick_stairs":128,"minecraft:pink_terracotta":4,"minecraft:music_disc_11":1,"minecraft:music_disc_13":1,"minecraft:cyan_wool":2,"minecraft:milk_bucket":328,"minecraft:obsidian":604,"minecraft:red_sandstone_stairs":429,"minecraft:glass":120,"minecraft:cyan_terracotta":81,"minecraft:bricks":776,"minecraft:coal_ore":351,"minecraft:quartz_slab":80,"minecraft:spruce_wood":1,"minecraft:lantern":878,"minecraft:blue_orchid":41,"minecraft:green_wool":3,"minecraft:polished_blackstone_brick_wall":340,"minecraft:warped_nylium":134,"minecraft:light_blue_bed":5,"minecraft:mossy_cobblestone_slab":10,"minecraft:stone_bricks":19756,"minecraft:item_frame":13,"minecraft:bedrock":27538,"minecraft:birch_button":62,"minecraft:birch_trapdoor":3,"minecraft:golden_sword":3,"minecraft:red_carpet":2,"minecraft:repeater":679,"minecraft:redstone_lamp":460,"minecraft:red_nether_brick_wall":20,"minecraft:magma_block":276,"minecraft:warped_fungus":228,"minecraft:hay_block":1397,"minecraft:written_book":34,"minecraft:scaffolding":69,"minecraft:gray_bed":19,"minecraft:polished_diorite_stairs":51,"minecraft:gold_block":66,"minecraft:skeleton_skull":15,"minecraft:pink_concrete_powder":32,"minecraft:fire_coral_fan":1,"minecraft:large_fern":216,"minecraft:polished_blackstone_stairs":804,"minecraft:stripped_spruce_wood":6,"minecraft:chiseled_polished_blackstone":67,"minecraft:dark_oak_stairs":540,"minecraft:end_rod":412,"minecraft:dropper":4,"minecraft:stripped_acacia_log":47,"minecraft:birch_leaves":316,"minecraft:dark_oak_sign":41,"minecraft:jungle_fence":244,"minecraft:oak_planks":6804,"minecraft:polished_diorite_slab":5,"minecraft:sandstone":3251,"minecraft:redstone_block":1810,"minecraft:diamond_axe":72,"minecraft:white_wool":531,"minecraft:yellow_terracotta":706,"minecraft:light_blue_concrete":214,"minecraft:lime_stained_glass_pane":55,"minecraft:loom":41,"minecraft:light_blue_wool":1,"minecraft:light_gray_terracotta":119,"minecraft:yellow_concrete":60,"minecraft:crossbow":8,"minecraft:sponge":37,"minecraft:lingering_potion":2,"minecraft:blackstone_wall":35,"minecraft:black_bed":1,"minecraft:note_block":60,"minecraft:shulker_spawn_egg":112,"minecraft:stone_brick_wall":5781,"minecraft:end_stone":17,"minecraft:creeper_spawn_egg":38,"minecraft:redstone_torch":384,"minecraft:sticky_piston":34,"minecraft:black_terracotta":155,"minecraft:dead_fire_coral_fan":3,"minecraft:blue_glazed_terracotta":68,"minecraft:lever":76,"minecraft:green_concrete":71,"minecraft:hoglin_spawn_egg":2,"minecraft:black_concrete":662,"minecraft:daylight_detector":15,"minecraft:dark_oak_log":1722,"minecraft:heavy_weighted_pressure_plate":5,"minecraft:light_gray_concrete":41,"minecraft:music_disc_mall":1,"minecraft:bread":2,"minecraft:string":20,"minecraft:brown_stained_glass":1,"minecraft:barrier":556,"minecraft:brown_wool":1,"minecraft:warped_slab":140,"minecraft:iron_door":57,"minecraft:prismarine_wall":32,"minecraft:gravel":947,"minecraft:evoker_spawn_egg":2,"minecraft:dead_horn_coral":18,"minecraft:ocelot_spawn_egg":3,"minecraft:smooth_red_sandstone_slab":3,"minecraft:dead_horn_coral_fan":12,"minecraft:grindstone":82,"minecraft:andesite":2396,"minecraft:chain":668,"minecraft:mossy_cobblestone_wall":39,"minecraft:smooth_stone_slab":180,"minecraft:chorus_plant":22,"minecraft:white_concrete":3258,"minecraft:coarse_dirt":645,"minecraft:warped_button":16,"minecraft:bone_meal":3069,"minecraft:cobweb":360,"minecraft:oak_fence":1551,"minecraft:purpur_block":179,"minecraft:netherite_sword":158,"minecraft:trident":4,"minecraft:jungle_leaves":191,"minecraft:rose_bush":36,"minecraft:white_tulip":8,"minecraft:crimson_fence":43,"minecraft:flint_and_steel":450,"minecraft:redstone":1052,"minecraft:light_blue_terracotta":459,"minecraft:spruce_planks":2672,"minecraft:ender_chest":20,"minecraft:wooden_shovel":1,"minecraft:dried_kelp_block":28,"minecraft:oak_door":5,"minecraft:end_stone_brick_wall":5,"minecraft:dirt":2085,"minecraft:white_carpet":41,"minecraft:hopper":196,"minecraft:prismarine_bricks":300,"minecraft:spruce_stairs":1711,"minecraft:cobblestone_wall":1486,"minecraft:warped_door":8,"minecraft:oak_wood":132,"minecraft:bee_nest":52,"minecraft:spruce_fence":2515,"minecraft:granite":191,"minecraft:light_blue_stained_glass":357,"minecraft:andesite_wall":279,"minecraft:iron_hoe":1,"minecraft:dark_oak_planks":1591,"minecraft:stone_brick_slab":492,"minecraft:wooden_axe":45,"minecraft:brown_terracotta":562,"minecraft:bookshelf":96,"minecraft:light_gray_stained_glass":26,"minecraft:red_tulip":35,"minecraft:yellow_stained_glass":4,"minecraft:oak_stairs":2240,"minecraft:smooth_sandstone":630,"minecraft:polished_blackstone_brick_stairs":2111,"minecraft:crimson_planks":114,"minecraft:light_gray_wool":3,"minecraft:golden_carrot":1,"minecraft:black_stained_glass":148,"minecraft:emerald_block":55,"minecraft:soul_soil":28,"minecraft:lime_stained_glass":364,"minecraft:cyan_concrete_powder":12,"minecraft:horn_coral_block":868,"minecraft:stone_pressure_plate":1,"minecraft:dead_bubble_coral_block":2,"minecraft:enchanted_golden_apple":35,"minecraft:turtle_egg":16,"minecraft:mossy_stone_brick_wall":341,"minecraft:pumpkin":141,"minecraft:brain_coral_block":892,"minecraft:quartz_bricks":10,"minecraft:iron_ore":223,"minecraft:pink_tulip":6,"minecraft:cobblestone_stairs":2323,"minecraft:snow_block":1269,"minecraft:polished_andesite":7341,"minecraft:red_nether_bricks":72,"minecraft:blue_wool":26,"minecraft:purple_glazed_terracotta":46,"minecraft:cut_sandstone":2601,"minecraft:brown_mushroom":24,"minecraft:magenta_stained_glass":7,"minecraft:beacon":8,"minecraft:stonecutter":31,"minecraft:chiseled_nether_bricks":55,"minecraft:cobblestone_slab":170,"minecraft:warped_roots":1,"minecraft:jungle_wood":608,"minecraft:terracotta":204,"minecraft:dead_fire_coral_block":60,"minecraft:red_mushroom":34,"minecraft:painting":12,"minecraft:brown_glazed_terracotta":19,"minecraft:smoker":141,"minecraft:warped_planks":62,"minecraft:dark_oak_door":1,"minecraft:cyan_stained_glass":1,"minecraft:purple_stained_glass":217,"minecraft:gray_terracotta":12,"minecraft:piston":79,"minecraft:flower_pot":34,"minecraft:acacia_stairs":41,"minecraft:black_wool":739,"minecraft:dead_fire_coral":47,"minecraft:command_block":1880,"minecraft:cracked_polished_blackstone_bricks":12,"minecraft:map":16,"minecraft:lapis_ore":38,"minecraft:detector_rail":6,"minecraft:jungle_stairs":132,"minecraft:magenta_concrete":549,"minecraft:stone_slab":38,"minecraft:yellow_wool":500,"minecraft:fire_coral_block":1023,"minecraft:crimson_fungus":88,"minecraft:stripped_crimson_hyphae":2,"minecraft:white_banner":73,"minecraft:bucket":168,"minecraft:lapis_block":17,"minecraft:grass_path":163,"minecraft:magenta_glazed_terracotta":34,"minecraft:polished_blackstone_button":17,"minecraft:wither_rose":11,"minecraft:sea_pickle":691,"minecraft:gray_wool":1,"minecraft:smooth_stone":1165,"minecraft:splash_potion":13},"minecraft:broken":{"minecraft:golden_sword":1,"minecraft:wooden_axe":1},"minecraft:mined":{"minecraft:light_blue_stained_glass":1,"minecraft:red_bed":1,"minecraft:dead_bush":1,"minecraft:black_bed":1,"minecraft:grass":1,"minecraft:tall_grass":1,"minecraft:sand":1,"minecraft:large_fern":1,"minecraft:snow_block":1,"minecraft:gray_bed":4},"minecraft:picked_up":{"minecraft:wooden_axe":3,"minecraft:seagrass":4,"minecraft:iron_chestplate":1,"minecraft:creeper_head":64,"minecraft:suspicious_stew":1,"minecraft:wither_rose":4,"minecraft:diamond_sword":3,"minecraft:oak_stairs":2,"minecraft:enchanted_book":1,"minecraft:golden_shovel":2,"minecraft:brewing_stand":1,"minecraft:golden_sword":1,"minecraft:polished_blackstone_brick_stairs":1,"minecraft:string":155,"minecraft:pufferfish":6,"minecraft:gold_nugget":23,"minecraft:spruce_planks":1,"minecraft:written_book":3,"minecraft:polished_blackstone_stairs":1,"minecraft:purpur_pillar":2,"minecraft:cauldron":1,"minecraft:black_dye":63,"minecraft:command_block":7,"minecraft:tropical_fish":1,"minecraft:glowstone":1,"minecraft:end_rod":3,"minecraft:netherite_chestplate":3,"minecraft:blaze_rod":1,"minecraft:iron_bars":25,"minecraft:snowball":4,"minecraft:sponge":1,"minecraft:feather":115,"minecraft:cooked_beef":6,"minecraft:iron_door":66,"minecraft:map":1,"minecraft:netherite_leggings":3,"minecraft:lantern":72,"minecraft:twisting_vines":27,"minecraft:dark_oak_sign":3,"minecraft:glowstone_dust":1,"minecraft:loom":1,"minecraft:trapped_chest":2,"minecraft:polished_andesite":2,"minecraft:lever":15,"minecraft:granite":17,"minecraft:spruce_button":4,"minecraft:bread":29,"minecraft:diamond_pickaxe":1,"minecraft:magenta_glazed_terracotta":64,"minecraft:crafting_table":1,"minecraft:bee_nest":2,"minecraft:redstone_lamp":1,"minecraft:golden_pickaxe":1,"minecraft:purpur_block":1,"minecraft:spider_spawn_egg":63,"minecraft:cornflower":1,"minecraft:polished_blackstone_wall":1,"minecraft:cracked_stone_bricks":1,"minecraft:iron_nugget":10,"minecraft:minecart":27,"minecraft:piston":1,"minecraft:egg":2,"minecraft:sandstone":1,"minecraft:stone":2,"minecraft:music_disc_mellohi":2,"minecraft:carrot":7,"minecraft:redstone":67,"minecraft:repeating_command_block":2,"minecraft:stone_shovel":1,"minecraft:peony":7,"minecraft:purpur_slab":1,"minecraft:hay_block":18,"minecraft:gold_ingot":1,"minecraft:totem_of_undying":12,"minecraft:polished_blackstone":1,"minecraft:rail":977,"minecraft:filled_map":43,"minecraft:purpur_stairs":1,"minecraft:lily_pad":18,"minecraft:white_banner":7,"minecraft:kelp":6,"minecraft:stone_bricks":449,"minecraft:apple":2,"minecraft:stone_pickaxe":1,"minecraft:iron_ore":5,"minecraft:tall_grass":1,"minecraft:glass_bottle":15,"minecraft:milk_bucket":2,"minecraft:sweet_berries":14,"minecraft:red_wool":2,"minecraft:gravel":7,"minecraft:spruce_sapling":1,"minecraft:diamond_shovel":2,"minecraft:slime_ball":14,"minecraft:polished_blackstone_brick_wall":1,"minecraft:oak_button":2,"minecraft:crimson_nylium":1,"minecraft:shulker_shell":18,"minecraft:music_disc_strad":4,"minecraft:light_blue_concrete":1,"minecraft:redstone_block":19,"minecraft:nether_brick_fence":1,"minecraft:potion":25,"minecraft:lapis_block":64,"minecraft:smooth_stone_slab":2,"minecraft:oak_sign":10,"minecraft:smooth_red_sandstone_slab":1,"minecraft:sea_pickle":25,"minecraft:activator_rail":6,"minecraft:smooth_stone":1,"minecraft:comparator":5,"minecraft:redstone_torch":369,"minecraft:wooden_shovel":1,"minecraft:iron_pickaxe":2,"minecraft:iron_boots":3,"minecraft:blue_wool":64,"minecraft:tipped_arrow":16,"minecraft:stick":106,"minecraft:brown_terracotta":1,"minecraft:torch":90,"minecraft:porkchop":8,"minecraft:snow_block":1,"minecraft:netherite_shovel":1,"minecraft:shulker_spawn_egg":1,"minecraft:diorite":10,"minecraft:green_banner":5,"minecraft:rotten_flesh":84,"minecraft:music_disc_ward":4,"minecraft:music_disc_wait":6,"minecraft:obsidian":1,"minecraft:cod":9,"minecraft:cobblestone":201,"minecraft:repeater":26,"minecraft:andesite":40,"minecraft:chiseled_quartz_block":2,"minecraft:potato":5,"minecraft:wither_skeleton_skull":2,"minecraft:lapis_lazuli":7,"minecraft:dirt":9,"minecraft:glass":24,"minecraft:bone":92,"minecraft:bow":1,"minecraft:wheat_seeds":39,"minecraft:bell":1,"minecraft:bamboo":5,"minecraft:powered_rail":192,"minecraft:prismarine":61,"minecraft:oak_planks":36,"minecraft:black_terracotta":1,"minecraft:music_disc_13":2,"minecraft:black_stained_glass_pane":1,"minecraft:sand":206,"minecraft:grass_block":2,"minecraft:skeleton_spawn_egg":3,"minecraft:diamond":125,"minecraft:slime_block":1,"minecraft:netherite_helmet":3,"minecraft:soul_lantern":8,"minecraft:polished_blackstone_button":1,"minecraft:white_concrete":2,"minecraft:golden_apple":256,"minecraft:bone_meal":2,"minecraft:grass":1,"minecraft:emerald":468,"minecraft:chorus_fruit":10,"minecraft:oak_sapling":1,"minecraft:netherrack":1,"minecraft:oak_leaves":1,"minecraft:end_stone_bricks":1,"minecraft:end_stone_brick_stairs":1,"minecraft:chicken":9,"minecraft:ladder":19,"minecraft:brown_mushroom":4,"minecraft:wooden_pickaxe":1,"minecraft:stone_brick_wall":2,"minecraft:chain":1,"minecraft:end_stone_brick_wall":1,"minecraft:spruce_trapdoor":1,"minecraft:dark_oak_sapling":30,"minecraft:polished_blackstone_bricks":1,"minecraft:stone_button":34,"minecraft:music_disc_11":2,"minecraft:trident":2,"minecraft:arrow":28,"minecraft:weeping_vines":1,"minecraft:saddle":3,"minecraft:nether_brick_wall":1,"minecraft:skeleton_skull":1,"minecraft:netherite_boots":3,"minecraft:dark_oak_button":6,"minecraft:salmon":3,"minecraft:leather":6,"minecraft:music_disc_stal":4,"minecraft:ice":1,"minecraft:bedrock":2,"minecraft:crimson_fungus":3,"minecraft:gunpowder":16,"minecraft:cobblestone_wall":1,"minecraft:cobblestone_stairs":2,"minecraft:cooked_mutton":6,"minecraft:red_carpet":2,"minecraft:iron_ingot":130,"minecraft:music_disc_chirp":4,"minecraft:chiseled_stone_bricks":2,"minecraft:stone_brick_slab":1,"minecraft:quartz":139,"minecraft:blast_furnace":1,"minecraft:spider_eye":19,"minecraft:music_disc_mall":2,"minecraft:red_concrete":1,"minecraft:netherite_hoe":1,"minecraft:magenta_concrete":1,"minecraft:coal":156,"minecraft:sunflower":16},"minecraft:custom":{"minecraft:interact_with_crafting_table":14,"minecraft:open_barrel":158,"minecraft:bell_ring":142,"minecraft:leave_game":923,"minecraft:time_since_death":4851,"minecraft:deaths":28,"minecraft:jump":94951,"minecraft:interact_with_furnace":7,"minecraft:play_record":15,"minecraft:traded_with_villager":20,"minecraft:interact_with_cartography_table":5,"minecraft:sleep_in_bed":4,"minecraft:damage_dealt":145916,"minecraft:interact_with_smoker":20,"minecraft:inspect_dispenser":7,"minecraft:inspect_dropper":25,"minecraft:interact_with_anvil":6,"minecraft:inspect_hopper":210,"minecraft:sneak_time":1019041,"minecraft:interact_with_blast_furnace":38,"minecraft:tune_noteblock":185,"minecraft:time_since_rest":4875,"minecraft:swim_one_cm":534027,"minecraft:fly_one_cm":374055017,"minecraft:open_chest":1163,"minecraft:fall_one_cm":74254,"minecraft:damage_resisted":1031,"minecraft:sprint_one_cm":15808370,"minecraft:drop":178,"minecraft:talked_to_villager":113,"minecraft:interact_with_brewingstand":1,"minecraft:walk_on_water_one_cm":389027,"minecraft:play_one_minute":26114864,"minecraft:interact_with_loom":7,"minecraft:open_enderchest":3,"minecraft:interact_with_beacon":5,"minecraft:crouch_one_cm":396570,"minecraft:mob_kills":528,"minecraft:fill_cauldron":4,"minecraft:interact_with_campfire":12,"minecraft:damage_dealt_resisted":717,"minecraft:climb_one_cm":423047,"minecraft:walk_one_cm":13840031,"minecraft:walk_under_water_one_cm":10801073,"minecraft:boat_one_cm":6402,"minecraft:pot_flower":23,"minecraft:interact_with_grindstone":9,"minecraft:damage_absorbed":5031,"minecraft:damage_taken":13354,"minecraft:trigger_trapped_chest":42},"minecraft:crafted":{"minecraft:diamond_boots":1,"minecraft:enchanted_book":1,"minecraft:sunflower":11,"minecraft:chainmail_boots":1,"minecraft:chainmail_chestplate":1,"minecraft:gold_block":1,"minecraft:nether_wart":3,"minecraft:air":0,"minecraft:diamond_chestplate":1}},"DataVersion":2586}