{"stats":{"minecraft:used":{"minecraft:diorite":6,"minecraft:stone_pickaxe":212,"minecraft:oak_planks":12,"minecraft:chest":11,"minecraft:birch_boat":1,"minecraft:wooden_pickaxe":18,"minecraft:iron_sword":54,"minecraft:torch":13,"minecraft:oak_slab":60,"minecraft:crafting_table":8,"minecraft:stone_brick_wall":2,"minecraft:wooden_axe":6,"minecraft:diamond_pickaxe":17,"minecraft:lava_bucket":5,"minecraft:apple":10,"minecraft:bread":13,"minecraft:melon_slice":19,"minecraft:iron_axe":23,"minecraft:stone_button":1,"minecraft:iron_pickaxe":22,"minecraft:stone_bricks":1,"minecraft:item_frame":4,"minecraft:wooden_sword":1,"minecraft:glowstone":12,"minecraft:cobblestone":9,"minecraft:written_book":2,"minecraft:furnace":3,"minecraft:bucket":5,"minecraft:smooth_stone":6,"minecraft:birch_stairs":5},"minecraft:picked_up":{"minecraft:wooden_axe":1,"minecraft:birch_log":11,"minecraft:crafting_table":4,"minecraft:lilac":1,"minecraft:andesite":1,"minecraft:wooden_pickaxe":2,"minecraft:smoker":1,"minecraft:stone_brick_wall":2,"minecraft:oak_log":55,"minecraft:dirt":2,"minecraft:string":4,"minecraft:wooden_sword":1,"minecraft:item_frame":4,"minecraft:bone":10,"minecraft:sea_pickle":2,"minecraft:stone_bricks":12,"minecraft:cracked_stone_bricks":11,"minecraft:wheat_seeds":16,"minecraft:smooth_stone":6,"minecraft:stone_pickaxe":1,"minecraft:iron_ingot":6,"minecraft:iron_ore":68,"minecraft:written_book":5,"minecraft:glowstone_dust":23,"minecraft:coal_block":2,"minecraft:melon_slice":19,"minecraft:chest":3,"minecraft:oak_planks":56,"minecraft:oak_slab":3,"minecraft:stick":36,"minecraft:oak_fence":1,"minecraft:torch":1,"minecraft:gravel":3,"minecraft:stone_button":1,"minecraft:diorite":7,"minecraft:prismarine_crystals":3,"minecraft:stone_sword":1,"minecraft:arrow":4,"minecraft:rotten_flesh":7,"minecraft:granite":1,"minecraft:bread":2093,"minecraft:emerald":9,"minecraft:oak_sapling":3,"minecraft:obsidian":4,"minecraft:coal":21,"minecraft:cobblestone":125,"minecraft:diamond_pickaxe":2},"minecraft:killed":{"minecraft:skeleton":4,"minecraft:zombie":3},"minecraft:custom":{"minecraft:interact_with_furnace":42,"minecraft:interact_with_anvil":1,"minecraft:mob_kills":7,"minecraft:interact_with_crafting_table":35,"minecraft:tune_noteblock":19,"minecraft:open_barrel":3,"minecraft:play_one_minute":107513,"minecraft:interact_with_grindstone":1,"minecraft:leave_game":3,"minecraft:time_since_death":19581,"minecraft:climb_one_cm":39389,"minecraft:time_since_rest":19606,"minecraft:sprint_one_cm":319881,"minecraft:damage_taken":3086,"minecraft:walk_one_cm":290976,"minecraft:drop":42,"minecraft:damage_dealt":2374,"minecraft:talked_to_villager":6,"minecraft:player_kills":2,"minecraft:swim_one_cm":4196,"minecraft:fly_one_cm":541052,"minecraft:open_chest":46,"minecraft:crouch_one_cm":11765,"minecraft:deaths":8,"minecraft:sneak_time":2729,"minecraft:walk_under_water_one_cm":3916,"minecraft:boat_one_cm":22072,"minecraft:jump":2417,"minecraft:interact_with_blast_furnace":4,"minecraft:walk_on_water_one_cm":3945,"minecraft:interact_with_smoker":2,"minecraft:fall_one_cm":79764},"minecraft:killed_by":{"minecraft:wither_skeleton":2,"minecraft:skeleton":1},"minecraft:dropped":{"minecraft:bread":1,"minecraft:wheat_seeds":15,"minecraft:oak_log":4,"minecraft:stone_sword":1,"minecraft:prismarine_crystals":3,"minecraft:apple":15,"minecraft:cracked_stone_bricks":7,"minecraft:shield":1,"minecraft:diamond_pickaxe":1,"minecraft:stone_bricks":7,"minecraft:iron_pickaxe":1},"minecraft:crafted":{"minecraft:wooden_sword":2,"minecraft:oak_slab":60,"minecraft:oak_planks":204,"minecraft:coal":18,"minecraft:crafting_table":7,"minecraft:birch_boat":1,"minecraft:wooden_pickaxe":2,"minecraft:iron_helmet":2,"minecraft:iron_sword":3,"minecraft:furnace":3,"minecraft:birch_planks":44,"minecraft:stone_axe":1,"minecraft:glowstone":4,"minecraft:bread":7,"minecraft:air":0,"minecraft:iron_boots":2,"minecraft:iron_chestplate":2,"minecraft:shield":2,"minecraft:iron_axe":3,"minecraft:stick":36,"minecraft:chest":8,"minecraft:iron_ingot":73,"minecraft:iron_pickaxe":2,"minecraft:stone_pickaxe":2,"minecraft:wooden_axe":2,"minecraft:stone_sword":1,"minecraft:iron_leggings":2,"minecraft:torch":20,"minecraft:birch_stairs":8},"minecraft:mined":{"minecraft:oak_slab":3,"minecraft:smoker":1,"minecraft:oak_fence":1,"minecraft:crafting_table":2,"minecraft:granite":1,"minecraft:stone_brick_wall":2,"minecraft:melon":5,"minecraft:chest":3,"minecraft:dead_bush":11,"minecraft:coal_block":2,"minecraft:tall_grass":28,"minecraft:oak_planks":8,"minecraft:diorite":8,"minecraft:wall_torch":1,"minecraft:large_fern":21,"minecraft:seagrass":1,"minecraft:smooth_stone":6,"minecraft:glowstone":9,"minecraft:birch_log":11,"minecraft:iron_ore":68,"minecraft:lilac":1,"minecraft:birch_leaves":2,"minecraft:andesite":3,"minecraft:grass":16,"minecraft:oak_log":9,"minecraft:coal_ore":21,"minecraft:vine":4,"minecraft:gravel":3,"minecraft:dirt":2,"minecraft:cobweb":3,"minecraft:cracked_stone_bricks":11,"minecraft:stone":127,"minecraft:stone_bricks":10,"minecraft:oak_leaves":12,"minecraft:tripwire":9,"minecraft:fern":6}},"DataVersion":2586}