{"stats":{"minecraft:used":{"minecraft:stone_sword":15,"minecraft:flint_and_steel":1,"minecraft:stone_pickaxe":12,"minecraft:oak_planks":1,"minecraft:wooden_pickaxe":34,"minecraft:cracked_stone_bricks":4,"minecraft:torch":3,"minecraft:dirt":1,"minecraft:crafting_table":1,"minecraft:stone_brick_wall":1,"minecraft:wooden_axe":2,"minecraft:bread":4,"minecraft:melon_slice":9,"minecraft:stone_button":1,"minecraft:iron_pickaxe":1,"minecraft:stone_bricks":10,"minecraft:written_book":6,"minecraft:oak_sapling":4},"minecraft:picked_up":{"minecraft:wooden_axe":1,"minecraft:crafting_table":1,"minecraft:wooden_pickaxe":2,"minecraft:stone_brick_wall":1,"minecraft:oak_log":18,"minecraft:shield":1,"minecraft:string":2,"minecraft:dirt":1,"minecraft:bone":1,"minecraft:apple":1,"minecraft:stone_bricks":16,"minecraft:cracked_stone_bricks":16,"minecraft:wheat_seeds":1,"minecraft:stone_pickaxe":1,"minecraft:written_book":3,"minecraft:iron_pickaxe":1,"minecraft:melon_slice":9,"minecraft:coal_block":1,"minecraft:oak_planks":27,"minecraft:stick":5,"minecraft:torch":5,"minecraft:stone_button":1,"minecraft:prismarine_crystals":3,"minecraft:stone_sword":1,"minecraft:arrow":2,"minecraft:rotten_flesh":6,"minecraft:stone_axe":1,"minecraft:emerald":2,"minecraft:bread":385,"minecraft:oak_sapling":4,"minecraft:coal":2,"minecraft:iron_bars":1,"minecraft:cobblestone":25},"minecraft:killed":{"minecraft:creeper":1},"minecraft:custom":{"minecraft:interact_with_furnace":2,"minecraft:mob_kills":1,"minecraft:interact_with_crafting_table":9,"minecraft:tune_noteblock":59,"minecraft:open_barrel":2,"minecraft:play_one_minute":90259,"minecraft:leave_game":3,"minecraft:time_since_death":16521,"minecraft:climb_one_cm":13854,"minecraft:time_since_rest":16546,"minecraft:sprint_one_cm":105791,"minecraft:damage_taken":960,"minecraft:walk_one_cm":395474,"minecraft:drop":17,"minecraft:damage_dealt":792,"minecraft:swim_one_cm":334,"minecraft:fly_one_cm":169056,"minecraft:open_chest":12,"minecraft:crouch_one_cm":1584,"minecraft:deaths":3,"minecraft:sneak_time":785,"minecraft:walk_under_water_one_cm":1641,"minecraft:jump":1093,"minecraft:interact_with_brewingstand":1,"minecraft:interact_with_blast_furnace":1,"minecraft:walk_on_water_one_cm":3171,"minecraft:interact_with_smoker":1,"minecraft:fall_one_cm":19626},"minecraft:killed_by":{"minecraft:wither_skeleton":2},"minecraft:dropped":{"minecraft:bread":384,"minecraft:oak_log":3,"minecraft:prismarine_crystals":3,"minecraft:stick":1,"minecraft:stone_bricks":2,"minecraft:wooden_pickaxe":3},"minecraft:crafted":{"minecraft:oak_planks":60,"minecraft:coal":9,"minecraft:crafting_table":2,"minecraft:wooden_pickaxe":2,"minecraft:stone_axe":2,"minecraft:stick":16,"minecraft:stone_pickaxe":2,"minecraft:stone_sword":2,"minecraft:torch":16},"minecraft:mined":{"minecraft:torch":1,"minecraft:stone_brick_wall":1,"minecraft:melon":1,"minecraft:dead_bush":1,"minecraft:coal_block":1,"minecraft:tall_grass":6,"minecraft:wall_torch":1,"minecraft:large_fern":1,"minecraft:birch_leaves":2,"minecraft:grass":10,"minecraft:oak_log":19,"minecraft:coal_ore":2,"minecraft:dirt":1,"minecraft:cobweb":1,"minecraft:cracked_stone_bricks":8,"minecraft:stone":24,"minecraft:stone_bricks":10,"minecraft:oak_leaves":44,"minecraft:fern":2}},"DataVersion":2586}