{"stats":{"minecraft:killed":{"minecraft:cow":1},"minecraft:crafted":{"minecraft:birch_planks":20,"minecraft:crafting_table":1,"minecraft:stick":16},"minecraft:used":{"minecraft:beef":2,"minecraft:birch_sapling":2},"minecraft:dropped":{"minecraft:wheat_seeds":5},"minecraft:mined":{"minecraft:short_grass":11,"minecraft:birch_log":5,"minecraft:birch_leaves":1,"minecraft:oak_leaves":1},"minecraft:picked_up":{"minecraft:birch_log":5,"minecraft:wheat_seeds":5,"minecraft:beef":2,"minecraft:birch_sapling":2},"minecraft:custom":{"minecraft:time_since_rest":11229,"minecraft:crouch_one_cm":110,"minecraft:play_time":11229,"minecraft:sprint_one_cm":22407,"minecraft:damage_taken":160,"minecraft:walk_one_cm":18672,"minecraft:sneak_time":100,"minecraft:mob_kills":1,"minecraft:drop":5,"minecraft:jump":306,"minecraft:damage_dealt":100,"minecraft:leave_game":1,"minecraft:time_since_death":11229,"minecraft:total_world_time":11229,"minecraft:fall_one_cm":10062,"minecraft:fly_one_cm":28759}},"DataVersion":3700}