{"stats":{"minecraft:used":{"minecraft:stone_pickaxe":111,"minecraft:iron_pickaxe":2,"minecraft:wooden_pickaxe":11,"minecraft:stone_axe":1,"minecraft:dirt":6,"minecraft:crafting_table":3,"minecraft:furnace":1},"minecraft:picked_up":{"minecraft:crafting_table":2,"minecraft:andesite":3,"minecraft:oak_log":6,"minecraft:dirt":14,"minecraft:iron_ore":23,"minecraft:coal":22,"minecraft:cobblestone":74},"minecraft:custom":{"minecraft:time_since_rest":16229,"minecraft:interact_with_furnace":17,"minecraft:sprint_one_cm":9072,"minecraft:walk_one_cm":13786,"minecraft:damage_dealt":10,"minecraft:interact_with_crafting_table":10,"minecraft:fly_one_cm":9849,"minecraft:crouch_one_cm":7992,"minecraft:play_one_minute":16229,"minecraft:sneak_time":3613,"minecraft:jump":62,"minecraft:leave_game":2,"minecraft:time_since_death":16229,"minecraft:climb_one_cm":5168,"minecraft:fall_one_cm":1109},"minecraft:crafted":{"minecraft:oak_planks":24,"minecraft:iron_chestplate":1,"minecraft:crafting_table":1,"minecraft:stick":16,"minecraft:iron_helmet":1,"minecraft:wooden_pickaxe":1,"minecraft:iron_ingot":23,"minecraft:iron_pickaxe":1,"minecraft:stone_pickaxe":1,"minecraft:stone_sword":1,"minecraft:iron_leggings":1,"minecraft:furnace":1,"minecraft:stone_axe":1,"minecraft:air":0},"minecraft:mined":{"minecraft:iron_ore":23,"minecraft:andesite":3,"minecraft:crafting_table":2,"minecraft:grass_block":4,"minecraft:oak_log":6,"minecraft:coal_ore":22,"minecraft:dirt":10,"minecraft:cobblestone":11,"minecraft:stone":63}},"DataVersion":2586}