{"stats":{"minecraft:dropped":{"minecraft:wheat_seeds":1},"minecraft:killed_by":{"minecraft:zombie":1},"minecraft:killed":{"minecraft:sheep":1,"minecraft:pig":3,"minecraft:cow":4},"minecraft:custom":{"minecraft:time_since_rest":447,"minecraft:crouch_one_cm":192,"minecraft:play_time":13519,"minecraft:sprint_one_cm":9973,"minecraft:deaths":1,"minecraft:damage_taken":204,"minecraft:walk_one_cm":4245,"minecraft:sneak_time":38,"minecraft:mob_kills":8,"minecraft:drop":1,"minecraft:jump":119,"minecraft:damage_dealt":780,"minecraft:leave_game":1,"minecraft:time_since_death":0,"minecraft:total_world_time":13519,"minecraft:fall_one_cm":4089,"minecraft:fly_one_cm":16981},"minecraft:picked_up":{"minecraft:leather":6,"minecraft:wheat_seeds":1,"minecraft:acacia_log":1,"minecraft:porkchop":6,"minecraft:beef":8,"minecraft:mutton":2,"minecraft:white_wool":1},"minecraft:mined":{"minecraft:short_grass":8,"minecraft:acacia_log":1,"minecraft:tall_grass":1},"minecraft:used":{"minecraft:acacia_log":1}},"DataVersion":3839}