{"stats":{"minecraft:dropped":{"minecraft:wheat_seeds":1},"minecraft:killed":{"minecraft:sheep":1,"minecraft:pig":3,"minecraft:cow":4},"minecraft:custom":{"minecraft:time_since_rest":5404,"minecraft:crouch_one_cm":192,"minecraft:play_time":5404,"minecraft:sprint_one_cm":9973,"minecraft:walk_one_cm":3973,"minecraft:sneak_time":38,"minecraft:mob_kills":8,"minecraft:drop":1,"minecraft:jump":117,"minecraft:damage_dealt":780,"minecraft:time_since_death":5404,"minecraft:total_world_time":5404,"minecraft:fall_one_cm":4089,"minecraft:fly_one_cm":16348},"minecraft:picked_up":{"minecraft:leather":6,"minecraft:wheat_seeds":1,"minecraft:acacia_log":1,"minecraft:porkchop":6,"minecraft:beef":8,"minecraft:mutton":2,"minecraft:white_wool":1},"minecraft:mined":{"minecraft:short_grass":8,"minecraft:acacia_log":1,"minecraft:tall_grass":1},"minecraft:used":{"minecraft:acacia_log":1}},"DataVersion":3839}